{"name": "standalone_threshold", "info": {"n_samples": 100}, "predictions": {"real": [0.422457093000412, 0.40453956127166746, 0.30496433973312376, 0.36400053203105925, 0.41361626982688904, 0.43548429310321807, 0.2409255400300026, 0.32123714685440063, 0.6853635847568512, 0.41035924255847933, 0.40298991501331327, 0.3232936292886734, 0.47958968579769135, 0.29723110049963, 0.385233673453331, 0.4376730740070343, 0.42699092626571655, 0.37606472074985503, 0.29503290057182313, 0.5097516596317291, 0.23796360194683075, 0.2460778295993805, 0.43079179227352143, 0.34787179827690123, 0.45935178101062774, 0.3632499635219574, 0.30508791506290434, 0.4028966337442398, 0.4952771782875061, 0.44478168785572053, 0.3217243939638138, 0.38705227971076966, 0.5103298634290695, 0.5452191084623337, 0.502472460269928, 0.3770490914583206, 0.34390428364276887, 0.33308857679367065, 0.5138384163379669, 0.3518238961696625, 0.3827527821063995, 0.3536139130592346, 0.3678683519363403, 0.38083232939243317, 0.4052744656801224, 0.44058901965618136, 0.38416188657283784, 0.4901512414216995, 0.2807484775781631, 0.4531702995300293, 0.6216472744941711, 0.5019870787858963, 0.39528374969959257, 0.22278651595115662, 0.5267552495002746, 0.49754496812820437, 0.3839599400758743, 0.3092835247516632, 0.4149480700492859, 0.6396136164665223, 0.49103679060935973, 0.40132984817028045, 0.2907059252262115, 0.44151960015296937, 0.3305803418159485, 0.4020958602428436, 0.37006626427173617, 0.3900113493204117, 0.30670911967754366, 0.32251881062984467, 0.29395900666713715, 0.37739286124706267, 0.37755204141139986, 0.3629618763923645, 0.5264560222625733, 0.2197698950767517, 0.39454005658626556, 0.3907082676887512, 0.43086591362953186, 0.2712648808956146, 0.500626727938652, 0.32788023352622986, 0.24927754700183868, 0.32260817289352417, 0.49045304358005526, 0.3967321217060089, 0.5895273566246033, 0.4271039247512817, 0.3318980634212494, 0.6218366205692292, 0.25139023959636686, 0.35937386453151704, 0.3253955602645874, 0.3939974457025528, 0.13927688151597978, 0.3837091654539108, 0.3073715716600418, 0.3435955196619034, 0.49192216992378235, 0.430984303355217], "samples": [0.3752942204475403, 0.3884501338005066, 0.6684218943119049, 0.5127439945936203, 0.6115678250789642, 0.5151575207710266, 0.48680441081523895, 0.47597270309925077, 0.555391600728035, 0.4815575033426285, 0.29945701360702515, 0.4447016179561615, 0.5069079577922821, 0.48731002807617185, 0.36129753291606903, 0.6528834044933319, 0.6410775184631348, 0.4945549190044403, 0.545502918958664, 0.45490876138210296, 0.30706700682640076, 0.42725921273231504, 0.3996912747621536, 0.4964432418346405, 0.4339577406644821, 0.524755209684372, 0.4326109796762466, 0.29730409383773804, 0.6099706888198853, 0.3678933590650558, 0.4270420759916306, 0.45555609166622163, 0.45113053917884827, 0.4891389012336731, 0.576775598526001, 0.2712913453578949, 0.6011945843696594, 0.40188395977020264, 0.3909112423658371, 0.48398557305336, 0.3401700139045715, 0.4518382877111435, 0.48447524607181547, 0.4214526891708374, 0.5231659948825836, 0.4917281359434128, 0.5041909605264664, 0.5015211701393127, 0.45187557935714723, 0.5245016813278198, 0.4671070039272308, 0.6194353938102722, 0.38646005988121035, 0.5382729649543763, 0.5589272230863571, 0.4078734338283539, 0.4632170796394348, 0.4497546851634979, 0.4629944056272507, 0.5153487235307693, 0.5449694395065308, 0.3053549826145172, 0.3607411116361618, 0.5838083326816559, 0.5979405224323273, 0.4827686011791229, 0.46591428518295286, 0.5872920751571655, 0.6218389809131623, 0.4608253836631775, 0.45409886837005614, 0.5037076950073243, 0.43752380311489103, 0.5544172406196595, 0.5024385392665863, 0.4495398044586182, 0.5673313856124877, 0.5001664519309997, 0.48204764127731325, 0.4304206997156143, 0.5642987132072449, 0.355378657579422, 0.208159875869751, 0.3173575848340988, 0.6575595736503601, 0.2771912217140198, 0.49387496113777163, 0.44433705806732177, 0.5130503624677658, 0.41023882031440734, 0.4353346347808838, 0.46076219975948335, 0.457924485206604, 0.6155363142490387, 0.429667729139328, 0.44060221314430237, 0.41688457429409026, 0.40589148700237276, 0.7022333025932312, 0.4135377109050751]}, "metrics": {"roc_auc": 0.7364999999999999, "fpr": [0.0, 0.0, 0.01, 0.01, 0.02, 0.02, 0.04, 0.04, 0.05, 0.05, 0.06, 0.06, 0.08, 0.08, 0.09, 0.09, 0.11, 0.11, 0.12, 0.12, 0.13, 0.13, 0.14, 0.14, 0.15, 0.15, 0.16, 0.16, 0.17, 0.17, 0.2, 0.2, 0.21, 0.21, 0.22, 0.22, 0.23, 0.23, 0.24, 0.24, 0.25, 0.25, 0.27, 0.27, 0.28, 0.28, 0.31, 0.31, 0.32, 0.32, 0.34, 0.34, 0.36, 0.36, 0.37, 0.37, 0.42, 0.42, 0.43, 0.43, 0.47, 0.47, 0.49, 0.49, 0.5, 0.5, 0.6, 0.6, 0.61, 0.61, 0.65, 0.65, 0.66, 0.66, 0.71, 0.71, 0.81, 0.81, 0.83, 0.83, 0.84, 0.84, 0.86, 0.86, 0.91, 0.91, 0.99, 0.99, 1.0], "tpr": [0.0, 0.01, 0.01, 0.05, 0.05, 0.06, 0.06, 0.12, 0.12, 0.21, 0.21, 0.23, 0.23, 0.28, 0.28, 0.3, 0.3, 0.33, 0.33, 0.34, 0.34, 0.35, 0.35, 0.36, 0.36, 0.37, 0.37, 0.39, 0.39, 0.4, 0.4, 0.48, 0.48, 0.55, 0.55, 0.59, 0.59, 0.64, 0.64, 0.66, 0.66, 0.67, 0.67, 0.68, 0.68, 0.71, 0.71, 0.74, 0.74, 0.75, 0.75, 0.77, 0.77, 0.78, 0.78, 0.81, 0.81, 0.82, 0.82, 0.83, 0.83, 0.84, 0.84, 0.85, 0.85, 0.86, 0.86, 0.87, 0.87, 0.88, 0.88, 0.9, 0.9, 0.91, 0.91, 0.92, 0.92, 0.93, 0.93, 0.94, 0.94, 0.95, 0.95, 0.97, 0.97, 0.99, 0.99, 1.0, 1.0]}, "loss": 0.30445088994927705}