{"name": "standalone_threshold", "info": {"n_samples": 181}, "predictions": {"real": [0.6658329367637634, 0.7685244500637054, 0.7243807494640351, 0.7182650208473206, 0.40593374967575074, 0.6320923626422882, 0.6293960809707642, 0.5497294545173645, 0.8026828646659852, 0.8131036043167115, 0.6073487222194671, 0.6707032918930054, 0.5475101351737977, 0.545514953136444, 0.6465505123138428, 0.5960360646247864, 0.446349561214447, 0.6312982738018036, 0.678563404083252, 0.6541719973087311, 0.6816953837871551, 0.4927151322364807, 0.3943815380334854, 0.5413366973400116, 0.6314323127269745, 0.5398747980594635, 2.332846164703369, 0.5194184184074402, 0.4723900705575943, 0.5577789723873139, 0.7533235013484955, 0.7458229780197143, 0.6732625126838684, 0.6013912558555603, 0.4398092210292816, 0.9579582154750824, 0.6616057753562927, 0.6769256949424743, 0.47496680319309237, 0.6223700046539307, 0.8481561958789825, 0.5583443164825439, 0.5782234013080597, 0.8611891865730286, 0.7761674463748932, 0.8010119080543519, 0.7851344466209411, 0.5773590862751007, 0.700085973739624, 0.6112640559673309, 0.5434837937355042, 0.8807615280151367, 0.5691973775625229, 0.7548198819160461, 0.7057965934276581, 0.36486734747886657, 0.6333828747272492, 0.6613192915916443, 0.693397319316864, 0.6583504199981689, 0.363034263253212, 0.4697307914495468, 0.6175525069236756, 0.5974316835403443, 0.8085647821426392, 0.7346124887466431, 0.6581490457057952, 0.6472184002399445, 0.608053857088089, 0.5378322601318359, 0.5883765161037445, 0.6103952288627624, 0.8124549806118011, 0.6177931070327759, 0.7642717301845551, 0.7505385279655457, 0.8137955486774444, 0.5504372596740723, 0.7621393501758575, 0.6275083363056183, 0.5795564591884613, 1.1189159512519837, 0.5884227156639099, 0.7515765726566315, 0.6914833545684814, 0.7701221764087677, 0.9324139297008515, 0.578462028503418, 0.4696047931909561, 0.5647133529186249, 0.7305569648742676, 0.8140168845653534, 0.6786790490150452, 0.8481261670589447, 0.5549805909395218, 0.7179768860340119, 0.5265737384557724, 0.8125301361083984, 0.6543843388557434, 0.3791079491376877, 0.9730362951755523, 0.6088013291358948, 0.6196877479553222, 0.7484967648983002, 0.5659865498542785, 0.5309979856014252, 0.5346279561519622, 0.7242542803287506, 0.8806211769580841, 0.5681848645210266, 0.6503802835941315, 0.8574172556400299, 0.6934989392757416, 0.7519335687160492, 0.6464758157730103, 0.4181496798992157, 0.664433890581131, 0.5197427779436111, 0.5848204553127289, 0.621974503993988, 0.6491001725196839, 0.5827022850513458, 0.7450669884681702, 0.6312215983867645, 0.48277588188648224, 0.5636469066143036, 0.5906909167766571, 0.42163680493831635, 0.527624386548996, 0.5649487257003785, 0.6168397903442383, 0.8181201398372651, 0.6076731085777283, 0.5064356863498688, 0.5355879724025726, 0.6602109372615814, 0.868541294336319, 0.819846898317337, 0.6654982209205628, 0.7167320072650909, 0.8978659987449646, 0.7851973533630371, 0.8698114335536957, 0.8319687664508819, 0.5621001780033111, 0.7318840324878693, 0.6426219403743744, 0.6113923013210296, 0.6563661515712738, 0.73333820104599, 0.7919397830963135, 0.5111716151237488, 0.5560861706733704, 0.7423137307167054, 0.7508258759975434, 0.6349947631359101, 0.8546876072883606, 0.5462908864021301, 0.5828064441680908, 0.5593425095081329, 0.722740525007248, 0.8019166827201843, 0.582711935043335, 0.6728520333766937, 0.6098431408405304, 0.7710958957672119, 0.761881422996521, 0.7052964448928833, 0.6619920194149017, 0.6240658342838288, 0.6926139891147614, 0.5053850978612899, 0.7471373558044434, 0.5044165164232254, 0.7311131060123444, 0.7631222546100617, 0.8141413867473603, 0.6265315771102905, 0.6493922352790833, 0.41529637575149536, 0.8052543580532074], "samples": [0.4004883676767349, 0.6517924785614013, 0.6604343712329864, 0.4313757121562958, 0.44234833121299744, 0.5692056387662887, 0.758384495973587, 0.6358422935009003, 0.6788800418376922, 0.7846798539161682, 0.7388194262981415, 0.6787447273731232, 0.4526732265949249, 0.5666536211967468, 0.8755998611450195, 0.42850789427757263, 0.583903831243515, 0.6580654084682465, 0.6439862191677094, 0.5725079774856567, 0.5479773819446564, 0.7533476829528809, 0.5425824493169784, 0.5450965762138367, 0.6744970202445983, 0.6457251131534576, 1.043116170167923, 0.7295194923877716, 0.6223648011684417, 0.5744568318128586, 0.6087022006511689, 0.6858632564544678, 0.6052826046943665, 0.6038414418697358, 0.8136786580085754, 0.6892123699188233, 0.5951910853385926, 0.5458788245916366, 0.6463326215744019, 0.5706330120563508, 0.5852507650852203, 0.7653401136398316, 0.7644057333469391, 0.46255927383899687, 0.6085610330104828, 0.7830013275146485, 0.6082989811897278, 0.5773215293884277, 0.5598898082971573, 0.7897630214691163, 0.49004959762096406, 0.7965027689933777, 0.5396380424499512, 0.7106444835662842, 0.6878910720348358, 0.5849038660526276, 0.5563062340021133, 0.5164829045534134, 0.5965503752231598, 0.7226141691207886, 0.680147898197174, 0.5411340832710266, 0.5989122927188874, 0.6341747879981995, 0.7247641682624817, 0.6774562060832977, 0.7226970076560975, 0.6361491799354553, 0.5700856745243073, 0.6579692840576172, 0.7441465973854064, 0.6241606831550598, 0.7584075450897216, 0.6743018984794616, 0.5403987258672714, 1.0600708365440368, 0.6060546219348908, 0.6458059668540954, 0.4294677972793579, 0.7692996799945832, 0.5375149875879288, 0.6112370729446411, 0.7653926849365235, 0.7306256413459777, 0.6386362612247467, 0.5918666303157807, 0.7477060198783875, 0.5870344400405884, 0.6450412511825562, 0.5638948976993561, 0.9450739860534668, 0.48284601867198945, 0.6189061760902405, 0.741625452041626, 0.7342164039611816, 0.6013785362243652, 0.6179957032203675, 0.6462497234344482, 0.6138052701950073, 0.6705596566200256, 0.7090270638465881, 0.9116145610809326, 0.8157921671867371, 0.5521593809127807, 0.7303998112678528, 0.5512210726737976, 0.8029345214366913, 0.49221667647361755, 0.49795213937759397, 0.7940346419811248, 0.5537093371152878, 0.9107925355434418, 0.3848344385623932, 0.6794244885444641, 0.6601469993591309, 0.7019022107124329, 0.8090224623680115, 0.5950053811073304, 0.8163842558860779, 0.5824644804000855, 0.5564988076686859, 0.7225556671619415, 0.6355455815792084, 0.5923440754413605, 0.5572710454463958, 0.6459262073040009, 0.4922529965639114, 0.6619650185108185, 0.5990791380405426, 0.7155483961105347, 1.030464917421341, 0.6451245605945587, 0.5144302248954773, 0.617289799451828, 0.5214968502521515, 0.49757316410541536, 0.6221312522888184, 0.6910998821258545, 0.665300726890564, 0.6112432956695557, 0.7727382123470307, 0.7145752072334289, 0.9854391932487487, 0.5119882315397263, 0.5863545775413513, 0.7212554633617401, 0.6492413461208344, 0.6803234696388245, 1.0139201164245606, 0.5678361296653748, 0.7790888547897339, 0.5554809212684632, 0.575122058391571, 0.7816102802753448, 0.580275171995163, 0.5985760688781738, 0.621108478307724, 0.4027964174747467, 0.5687377333641053, 0.4567933678627014, 0.6124131143093109, 0.7524484515190124, 0.4904777854681015, 0.5666065156459809, 0.78342205286026, 0.640888512134552, 0.4378170967102051, 0.8363733291625977, 0.7477582156658172, 0.5786523163318634, 0.6654532372951507, 0.6601195991039276, 0.8920901000499726, 0.43403661251068115, 0.5844331383705139, 0.6561615645885468, 0.6870918035507202, 0.5732284188270569, 0.6113168478012085, 0.4457487016916275, 0.4943663626909256]}, "metrics": {"roc_auc": 0.46256219285125605,